{"cat_cols": ["sex", "cp", "fbs", "restecg", "exang", "slope", "ca", "thal"], "num_cols": ["age", "trestbps", "chol", "thalach", "oldpeak"], "ss_mean": [54.366336633663366, 131.62376237623764, 246.26402640264027, 149.64686468646866, 1.0396039603960396], "ss_std": [9.067101638577872, 17.509178065734393, 51.74515101045713, 22.86733258188924, 1.1591574732421364], "cols": ["age", "trestbps", "chol", "thalach", "oldpeak", "sex_0", "sex_1", "cp_0", "cp_1", "cp_2", "cp_3", "fbs_0", "fbs_1", "restecg_0", "restecg_1", "restecg_2", "exang_0", "exang_1", "slope_0", "slope_1", "slope_2", "ca_0", "ca_1", "ca_2", "ca_3", "ca_4", "thal_0", "thal_1", "thal_2", "thal_3"]}