{"cat_cols": ["sex", "cp", "fbs", "restecg", "exang", "slope", "ca", "thal"], "num_cols": ["age", "trestbps", "chol", "thalach", "oldpeak"], "ss_mean": [54.43414634146342, 131.61170731707318, 246.0, 149.11414634146342, 1.0715121951219515], "ss_std": [9.067863645894516, 17.508171179785688, 51.56733698672483, 22.994498703227485, 1.1744799185680324], "cols": ["age", "trestbps", "chol", "thalach", "oldpeak", "sex_0", "sex_1", "cp_0", "cp_1", "cp_2", "cp_3", "fbs_0", "fbs_1", "restecg_0", "restecg_1", "restecg_2", "exang_0", "exang_1", "slope_0", "slope_1", "slope_2", "ca_0", "ca_1", "ca_2", "ca_3", "ca_4", "thal_0", "thal_1", "thal_2", "thal_3"]}